name,height,weight,collage,born,birth_city,birth_state
Al Harrington,206,104,,1980,Orange,New Jersey
J.R. Henderson,206,104,,1980,,
Bruno Sundov,218,99,,1980,Split,Croatia
Jonathan Bender,211,91,,1981,Picayune,Mississippi
Dalibor Bagaric,216,115,,1980,Croatia,
Jamal Crawford,196,90,University of Michigan,1980,Seattle,Washington
Keyon Dooling,190,88,University of Missouri,1980,Ft. Lauderdale,Florida
Donnell Harvey,203,99,University of Florida,1980,Shellman,Georgia
Darius Miles,206,95,,1981,Belleville,Illinois
Mike Miller,203,98,University of Florida,1980,Mitchell,South Dakota
Olumide Oyedeji,208,108,,1981,Ibadan,Nigeria
Quentin Richardson,198,101,DePaul University,1980,Chicago,Illinois
DeShawn Stevenson,196,95,,1981,Fresno,California
Gilbert Arenas,190,86,University of Arizona,1982,Los Angeles,California
Brandon Armstrong,196,85,Pepperdine University,1980,San Francisco,California
Jamison Brewer,193,83,Auburn University,1980,East Point,Georgia
Kedrick Brown,201,100,Okaloosa-Walton Community College,1981,Zachary,Louisiana
Kwame Brown,211,122,,1982,Charleston,South Carolina
Tyson Chandler,216,108,,1982,Hanford,California
Eddy Curry,213,133,,1982,Harvey,Illinois
Samuel Dalembert,211,115,Seton Hall University,1981,Port-Au-Prince,Haiti
DeSagana Diop,213,136,,1982,Dakar,Senegal
Joseph Forte,193,87,University of North Carolina,1981,Atlanta,Georgia
Antonis Fotsis,208,99,,1981,Athens,Greece
Pau Gasol,213,113,,1980,Barcelona,Spain
Eddie Griffin,208,99,Seton Hall University,1982,Philadelphia,Pennsylvania
Steven Hunter,213,99,DePaul University,1981,Chicago,Illinois
Richard Jefferson,201,105,University of Arizona,1980,Los Angeles,California
Andrei Kirilenko,206,99,,1981,Izhevsk,Russia
Troy Murphy,211,111,University of Notre Dame,1980,Morristown,New Jersey
Tony Parker,188,83,,1982,Bruges,Belgium
Vladimir Radmanovic,208,102,,1980,Trebinje Srpska-Bih,Bosnia and Herzegovina
Zach Randolph,206,117,Michigan State University,1981,Marion,Indiana
Jason Richardson,198,99,Michigan State University,1981,Saginaw,Michigan
Kenny Satterfield,188,84,University of Cincinnati,1981,New York,New York
Bobby Simmons,201,95,DePaul University,1980,Chicago,Illinois
Leon Smith,208,106,,1980,Chicago,Illinois
Gerald Wallace,201,97,University of Alabama,1982,Sylacauga,Alabama
Robert Archibald,211,113,University of Illinois at Urbana-Champaign,1980,Paisley,United Kingdom
Carlos Boozer,206,117,Duke University,1981,Aschaffenburg,Germany
J.R. Bremer,206,117,,1981,,
Caron Butler,201,103,University of Connecticut,1980,Racine,Wisconsin
Reggie Evans,203,111,University of Iowa,1980,Pensacola,Florida
Drew Gooden,208,113,University of Kansas,1981,Oakland,California
Marcus Haislip,208,104,University of Tennessee,1980,Lewisburg,Tennessee
Adam Harrington,196,90,Auburn University,1980,Bernardston,Massachusetts
Junior Harrington,193,81,Wingate University,1980,Wagram,North Carolina
Nene Hilario,211,113,,1982,Sao Carlos,Brazil
Casey Jacobsen,198,97,Stanford University,1981,Glendora,California
Chris Jefferies,203,102,"California State University, Fresno",1980,Fresno,California
Jared Jeffries,211,104,Indiana University,1981,Bloomington,Indiana
Tito Maddox,193,86,"California State University, Fresno",1981,Compton,California
Roger Mason,196,90,University of Virginia,1980,Washington,District of Columbia
Yao Ming*,229,140,,1980,Shanghai,China
Bostjan Nachbar,206,100,,1980,Slovenj Gradec,Slovenia
Smush Parker,193,86,Fordham University,1981,New York,New York
Tayshaun Prince,206,96,University of Kentucky,1980,Compton,California
Kareem Rush,198,97,University of Missouri,1980,Kansas City,Missouri
Jamal Sampson,211,106,University of California,1983,Inglewood,California
Tamar Slay,203,97,Marshall University,1980,Beckley,West Virginia
Amar'e Stoudemire,208,111,,1982,Lake Wales,Florida
Nikoloz Tskitishvili,213,102,,1983,Tbilisi,Georgia
Jiri Welsch,201,94,,1980,Pardubice,Czech Republic
Chris Wilcox,208,100,University of Maryland,1982,Raleigh,North Carolina
Qyntel Woods,203,100,Northeast Mississippi Community College,1981,Memphis,Tennessee
Vincent Yarbrough,201,95,University of Tennessee,1981,Cleveland,Tennessee
Carmelo Anthony,203,108,Syracuse University,1984,New York,New York
Marcus Banks,188,90,"University of Nevada, Las Vegas",1981,Las Vegas,Nevada
Leandro Barbosa,190,87,,1982,San Paulo,Brazil
Jerome Beasley,208,107,University of North Dakota,1980,Compton,California
Troy Bell,185,81,Boston College,1980,Minneapolis,Minnesota
Steve Blake,190,78,University of Maryland,1980,Hollywood,Florida
Keith Bogans,196,97,University of Kentucky,1980,Alexandria,Virginia
Curtis Borchardt,213,108,Stanford University,1980,Buffalo,New York
Chris Bosh,211,106,Georgia Institute of Technology,1984,Dallas,Texas
Zarko Cabarkapa,211,106,,1981,Zrenjanin,Serbia
Matt Carroll,198,96,University of Notre Dame,1980,Pittsburgh,Pennsylvania
Brian Cook,206,106,University of Illinois at Urbana-Champaign,1980,Lincoln,Illinois
Omar Cook,185,86,St. John's University,1982,Brooklyn,New York
Marquis Daniels,198,90,Auburn University,1981,Jasper,Florida
Boris Diaw,203,113,,1982,Cormeille-en-Parisis,France
Ronald Dupree,201,94,Louisiana State University,1981,Biloxi,Mississippi
Ndudi Ebi,206,90,,1984,London,United Kingdom
Hiram Fuller,206,108,"California State University, Fresno",1981,East St. Louis,Missouri
Reece Gaines,198,92,University of Louisville,1981,Madison,Wisconsin
Alex Garcia,190,99,,1980,Orlandia,Brazil
Willie Green,193,90,University of Detroit Mercy,1981,Detroit,Michigan
Udonis Haslem,203,106,University of Florida,1980,Miami,Florida
Jarvis Hayes,201,99,University of Georgia,1981,Atlanta,Georgia
Kirk Hinrich,193,86,University of Kansas,1981,Sioux City,Iowa
Josh Howard,201,95,Wake Forest University,1980,Winston-Salem,North Carolina
Brandon Hunter,201,117,Ohio University,1980,Cincinnati,Ohio
LeBron James,203,113,,1984,Akron,Ohio
Linton Johnson,203,92,Tulane University,1980,Chicago,Illinois
Chris Kaman,213,120,Central Michigan University,1982,Wyoming,Michigan
Jason Kapono,203,96,"University of California, Los Angeles",1981,Long Beach,California
Kyle Korver,201,96,Creighton University,1981,Lakewood,California
Maciej Lampe,211,124,,1985,Lodz,Poland
Raul Lopez,185,77,,1980,Vic,Spain
Darko Milicic,213,113,,1985,Novi Sad,Serbia
Travis Outlaw,206,95,,1984,Starkville,Mississippi
Zaza Pachulia,211,122,,1984,Tbilisi,Georgia
Sasha Pavlovic,211,122,,1984,,
Desmond Penigar,201,111,Utah State University,1981,Upland,California
Kirk Penney,196,99,University of Wisconsin,1980,Auckland,New Zealand
Kendrick Perkins,208,122,,1984,Nederland,Texas
Mickael Pietrus,198,97,,1982,Les Abymes,Guadeloupe
Zoran Planinic,201,88,,1982,Mostar,Bosnia and Herzegovina
Luke Ridnour,188,79,University of Oregon,1981,Coeur d'Alene,Idaho
Theron Smith,203,102,Ball State University,1980,Bartow,Florida
Mike Sweetney,203,124,Georgetown University,1982,Oxon Hill,Maryland
Slavko Vranes,226,124,,1983,Belgrade,Serbia
Dwyane Wade,193,99,Marquette University,1982,Chicago,Illinois
Luke Walton,203,106,University of Arizona,1980,San Diego,California
David West,206,113,Xavier University,1980,Teaneck,New Jersey
Tony Allen,193,96,Oklahoma State University,1982,Chicago,Illinois
Rafael Araujo,211,127,Brigham Young University,1980,Curitiba,Brazil
Trevor Ariza,203,97,"University of California, Los Angeles",1985,Miami,Florida
Andre Barrett,178,78,Seton Hall University,1982,Bronx,New York
Andris Biedrins,211,108,,1986,Riga,Latvia
Matt Bonner,208,106,University of Florida,1980,Concord,New Hampshire
Antonio Burks,185,90,University of Memphis,1980,Memphis,Tennessee
Jackie Butler,208,113,,1985,McComb,Mississippi
Lionel Chalmers,183,81,Xavier University,1980,Albany,New York
Josh Childress,203,95,Stanford University,1983,Harbor City,California
Nick Collison,208,115,University of Kansas,1980,Orange City,Iowa
Erik Daniels,203,97,University of Kentucky,1982,Cincinnati,Ohio
Carlos Delfino,198,104,,1982,Santa Fe,Argentina
Luol Deng,206,99,Duke University,1985,Wow,South Sudan
Chris Duhon,185,83,Duke University,1982,Mamou,Louisiana
John Edwards,213,124,Kent State University,1981,Warren,Ohio
Andre Emmett,196,104,Texas Tech University,1982,Dallas,Texas
Luis Flores,188,90,Manhattan College,1981,San Pedro de Macoris,Dominican Republic
Matt Freije,208,108,Vanderbilt University,1981,Overland Park,Kansas
Ben Gordon,190,90,University of Connecticut,1983,London,United Kingdom
Devin Harris,190,87,University of Wisconsin,1983,Milwaukee,Wisconsin
David Harrison,213,127,University of Colorado,1982,Nashville,Tennessee
Dwight Howard,211,120,,1985,Atlanta,Georgia
Kris Humphries,206,106,University of Minnesota,1985,Minneapolis,Minnesota
Andre Iguodala,198,97,University of Arizona,1984,Springfield,Illinois
Didier Ilunga-Mbenga,198,97,,1984,,
Royal Ivey,190,90,University of Texas at Austin,1981,Harlem,New York
Al Jefferson,208,131,,1985,Monticello,Mississippi
Mario Kasun,216,117,,1980,Split,Croatia
Viktor Khryapa,206,95,,1982,Kiev,Ukraine
Nenad Krstic,213,108,,1983,Kraljevo,Serbia
Shaun Livingston,201,87,,1985,Peoria,Illinois
Jameer Nelson,183,86,Saint Joseph's University,1982,Chester,Pennsylvania
Emeka Okafor,208,114,University of Connecticut,1982,Houston,Texas
Pavel Podkolzin,226,117,,1985,Novosibirsk,Russia
Peter John,226,117,,1985,,
Justin Reed,203,108,University of Mississippi,1982,Jackson,Mississippi
Jared Reiner,211,115,University of Iowa,1982,Tripp,South Dakota
Bernard Robinson,198,95,University of Michigan,1980,Washington,District of Columbia
Quinton Ross,198,88,Southern Methodist University,1981,Dallas,Texas
Ha Seung-Jin,221,138,,1985,Seoul,Republic of Korea
Kirk Snyder,198,102,"University of Nevada, Reno",1983,Los Angeles,California
Pape Sow,208,113,"California State University, Fullerton",1981,Dakar,Senegal
Robert Swift,213,111,,1985,Bakersfield,California
Yuta Tabuse,175,74,Brigham Young University Hawaii,1980,Yokohama,Japan
Sebastian Telfair,183,74,,1985,Brooklyn,New York
Beno Udrih,190,92,,1982,Celje,Slovenia
Anderson Varejao,208,123,,1982,Santa Teresa,Brazil
Jackson Vroman,208,99,Iowa State University,1981,Laguna,California
Sasha Vujacic,201,88,,1984,Maribor,Slovenia
Delonte West,193,81,Saint Joseph's University,1983,Washington,District of Columbia
Dorell Wright,206,92,,1985,Los Angeles,California
Alex Acker,196,83,Pepperdine University,1983,Compton,California
Alan Anderson,198,99,Michigan State University,1982,Minneapolis,Minnesota
Martynas Andriuskevicius,218,108,,1986,Kaunas,Lithuania
Earl Barron,213,113,University of Memphis,1981,Clarksdale,Mississippi
Eddie Basden,196,97,University of North Carolina at Charlotte,1983,New York,New York
Brandon Bass,203,113,Louisiana State University,1985,Baton Rouge,Louisiana
Esteban Batista,208,122,,1983,Montevideo,Uruguay
Andray Blatche,211,106,,1986,Syracuse,New York
Andrew Bogut,213,117,University of Utah,1984,Melbourne,Australia
Andrew Bynum,213,129,,1987,Plainsboro,New Jersey
Will Bynum,183,83,Georgia Institute of Technology,1983,Chicago,Illinois
Jose Calderon,190,90,,1981,Villanueva de la Serena,Spain
Travis Diener,185,79,Marquette University,1982,Fond du Lac,Wisconsin
Ike Diogu,203,113,Arizona State University,1983,Buffalo,New York
Monta Ellis,190,83,,1985,Jackson,Mississippi
Daniel Ewing,190,83,Duke University,1983,Milton,Florida
Noel Felix,206,102,"California State University, Fresno",1981,Los Angeles,California
Raymond Felton,185,92,University of North Carolina,1984,Marion,South Carolina
Gerald Fitch,190,85,University of Kentucky,1982,Columbus,Georgia
Channing Frye,211,115,University of Arizona,1983,White Plains,New York
Deng Gai,206,113,Fairfield University,1982,Wow,South Sudan
Francisco Garcia,201,88,University of Louisville,1981,Santo Domingo,Dominican Republic
Ryan Gomes,201,113,Providence College,1982,Waterbury,Connecticut
Joey Graham,201,102,Oklahoma State University,1982,Wilmington,Delaware
Stephen Graham,198,97,Oklahoma State University,1982,Wilmington,Delaware
Danny Granger,206,100,University of New Mexico,1983,New Orleans,Louisiana
Devin Green,201,95,Hampton University,1982,Columbus,Ohio
Gerald Green,201,92,,1986,Houston,Texas
Orien Greene,193,94,University of Louisiana at Lafayette,1982,Gainesville,Florida
Chuck Hayes,198,108,University of Kentucky,1983,San Leandro,California
Luther Head,190,83,University of Illinois at Urbana-Champaign,1982,Chicago,Illinois
Julius Hodge,201,95,North Carolina State University,1983,New York,New York
Jarrett Jack,190,90,Georgia Institute of Technology,1983,Fort Washington,Maryland
Amir Johnson,206,108,,1987,Los Angeles,California
Linas Kleiza,203,111,University of Missouri,1985,Kaunas,Lithuania
Yaroslav Korolev,206,92,,1987,Moscow,Russia
Arvydas Macijauskas,193,97,,1980,Klaipeda,Lithuania
Rawle Marshall,206,86,Oakland University,1982,Georgetown,Guyana
Jason Maxiell,201,117,University of Cincinnati,1983,Chicago,Illinois
Sean May,206,120,University of North Carolina,1984,Chicago,Illinois
Rashad McCants,193,93,University of North Carolina,1984,Asheville,North Carolina
Aaron Miles,185,79,University of Kansas,1983,Portland,Oregon
C.J. Miles,185,79,,1983,,
Sergei Monia,203,99,,1983,Saratov,Russia
Andre Owens,193,90,University of Houston,1980,Indianapolis,Indiana
Chris Paul,183,79,Wake Forest University,1985,Winston-Salem,North Carolina
Johan Petro,213,112,,1986,Paris,France
Josh Powell,206,102,North Carolina State University,1983,Charleston,South Carolina
Ronnie Price,188,86,Utah Valley State College,1983,Friendswood,Texas
Shavlik Randolph,208,108,Duke University,1983,Raleigh,North Carolina
Lawrence Roberts,206,108,Mississippi State University,1982,Houston,Texas
Nate Robinson,175,81,University of Washington,1984,Seattle,Washington
Melvin Sanders,196,95,Oklahoma State University,1981,Liberal,Kansas
Luke Schenscher,216,115,Georgia Institute of Technology,1982,Hope Forest,Australia
Wayne Simien,206,115,University of Kansas,1983,Leavenworth,Kansas
James Singleton,203,97,Murray State University,1981,Chicago,Illinois
Salim Stoudamire,185,81,University of Arizona,1982,Portland,Oregon
Chris Taft,208,117,University of Pittsburgh,1985,Brooklyn,New York
Donell Taylor,198,81,University of Alabama at Birmingham,1982,Washington,District of Columbia
Dijon Thompson,201,88,"University of California, Los Angeles",1983,Los Angeles,California
Ronny Turiaf,208,112,Gonzaga University,1983,Le Robert,Martinique
Charlie Villanueva,211,105,University of Connecticut,1984,Queens,New York
Von Wafer,196,95,Florida State University,1985,Homer,Louisiana
Matt Walsh,198,92,University of Florida,1982,Holland,Pennsylvania
Hakim Warrick,206,99,Syracuse University,1982,Philadelphia,Pennsylvania
Robert Whaley,208,117,Walsh University,1982,Benton Harbor,Michigan
Deron Williams,190,90,University of Illinois at Urbana-Champaign,1984,Parkersburg,West Virginia
Marvin Williams,185,89,University of Alabama,1982,Jackson,Mississippi
Antoine Wright,201,95,Texas A&M University,1984,West Covina,California
Derrick Zimmerman,190,88,Mississippi State University,1981,Monroe,Louisiana
Hassan Adams,193,99,University of Arizona,1984,Inglewood,California
Maurice Ager,196,91,Michigan State University,1984,Detroit,Michigan
LaMarcus Aldridge,211,117,University of Texas at Austin,1985,Dallas,Texas
Lou Amundson,206,99,"University of Nevada, Las Vegas",1982,Ventura,California
Hilton Armstrong,211,106,University of Connecticut,1984,Peekskill,New York
James Augustine,208,106,University of Illinois at Urbana-Champaign,1984,Midlothian,Illinois
Kelenna Azubuike,196,99,University of Kentucky,1983,London,United Kingdom
Renaldo Balkman,203,94,University of South Carolina,1984,Staten Island,New York
J.J. Barea,203,94,,1984,,
Andrea Bargnani,213,111,,1985,Rome,Italy
Will Blalock,183,92,Iowa State University,1983,Boston,Massachusetts
Josh Boone,208,107,University of Connecticut,1984,Mount Airy,Maryland
Cedric Bozeman,198,93,"University of California, Los Angeles",1983,Los Angeles,California
Andre Brown,206,111,DePaul University,1981,Chicago,Illinois
Shannon Brown,193,92,Michigan State University,1985,Maywood,Illinois
Rodney Carney,201,92,University of Memphis,1984,Memphis,Tennessee
Mardy Collins,198,99,Temple University,1984,Philadelphia,Pennsylvania
Will Conroy,188,88,University of Washington,1982,Portland,Oregon
Paul Davis,211,122,Michigan State University,1984,Detroit,Michigan
Yakhouba Diawara,201,102,Pepperdine University,1982,Paris,France
Quincy Douby,190,79,Rutgers University,1984,Brooklyn,New York
Jordan Farmar,188,81,"University of California, Los Angeles",1986,Los Angeles,California
Desmon Farmer,196,99,University of Southern California,1981,Flint,Michigan
Randy Foye,193,96,Villanova University,1983,Newark,New Jersey
Rudy Gay,203,104,University of Connecticut,1986,Brooklyn,New York
Mickael Gelabale,201,97,,1983,Pointe Noire,Guadeloupe
Daniel Gibson,188,86,University of Texas at Austin,1986,Houston,Texas
Andreas Glyniadakis,216,127,,1981,Hania,Greece
Mike Hall,203,104,George Washington University,1984,Chicago,Illinois
Robert Hite,188,83,University of Miami,1984,Cincinnati,Ohio
Ryan Hollins,213,108,"University of California, Los Angeles",1984,Pasadena,California
Mile Ilic,216,104,,1984,Tuzla,Bosnia and Herzegovina
Ersan Ilyasova,208,106,,1987,Eskisehir,Turkey
Alexander Johnson,206,108,Florida State University,1983,Albany,Georgia
Solomon Jones,208,104,University of South Florida,1984,Eustis,Florida
Tarence Kinsey,198,83,University of South Carolina,1984,Tampa,Florida
James Lang,208,129,,1983,Mobile,Alabama
Kyle Lowry,183,92,Villanova University,1986,Philadelphia,Pennsylvania
Renaldo Major,201,90,"California State University, Fresno",1982,Chicago,Illinois
Damir Markota,208,102,,1985,Sarajevo,Bosnia and Herzegovina
Chris McCray,196,87,University of Maryland,1984,Capitol Heights,Maryland
Ivan McFarlin,203,108,Oklahoma State University,1982,Missouri City,Texas
Pops Mensah-Bonsu,206,108,George Washington University,1983,London,United Kingdom
Paul Millsap,203,111,Louisiana Tech University,1985,Monroe,Louisiana
Randolph Morris,208,120,University of Kentucky,1986,Houston,Texas
Adam Morrison,203,92,Gonzaga University,1984,Glendive,Montana
David Noel,198,104,University of North Carolina,1984,Durham,North Carolina
Steve Novak,208,102,Marquette University,1983,Libertyville,Illinois
Patrick O'Bryant,213,117,Bradley University,1986,Oskaloosa,Iowa
Kevinn Pinkney,208,111,"University of Nevada, Reno",1983,Colton,California
Leon Powe,203,108,University of California,1984,Berkeley,California
Roger Powell,198,106,University of Illinois at Urbana-Champaign,1983,Joliet,Illinois
Chris Quinn,188,83,University of Notre Dame,1983,New Orleans,Louisiana
Allan Ray,188,86,Villanova University,1984,Bronx,New York
J.J. Redick,188,86,,1984,,
Jeremy Richardson,198,83,Delta State University,1984,Allentown,Pennsylvania
Sergio Rodriguez,190,79,,1986,Tenerife,Spain
Rajon Rondo,185,84,University of Kentucky,1986,Louisville,Kentucky
Brandon Roy,198,97,University of Washington,1984,Seattle,Washington
Thabo Sefolosha,201,99,,1984,Vevey,Switzerland
Mouhamed Sene,201,99,,1984,,
Cedric Simmons,206,106,North Carolina State University,1986,Shallotte,North Carolina
Uros Slokar,208,107,,1983,Ljubljana,Slovenia
Craig Smith,201,113,Boston College,1983,Inglewood,California
Vassilis Spanoulis,193,88,,1982,Larissa,Greece
Tyrus Thomas,206,97,Louisiana State University,1986,Baton Rouge,Louisiana
P.J. Tucker,206,97,,1986,,
Marcus Vinicius,206,97,,1986,,
Justin Williams,208,102,University of Wyoming,1984,Chicago,Illinois
Marcus Williams,185,89,University of Alabama,1982,Jackson,Mississippi
Arron Afflalo,196,95,"University of California, Los Angeles",1985,Los Angeles,California
Blake Ahearn,188,86,Missouri State University,1984,St. Louis,Missouri
Lance Allred,211,113,Weber State University,1981,Salt Lake City,Utah
Morris Almond,198,102,Rice University,1985,Dalton,Georgia
Joel Anthony,206,111,"University of Nevada, Las Vegas",1982,Montreal,Canada
Marco Belinelli,196,95,,1986,Bologna,Italy
Corey Brewer,206,84,University of Florida,1986,Portland,Tennessee
Aaron Brooks,183,73,University of Oregon,1985,Seattle,Washington
Wilson Chandler,203,102,DePaul University,1987,Benton Harbor,Michigan
Mike Conley,185,79,Ohio State University,1987,Fayetteville,Arkansas
Javaris Crittenton,196,90,Georgia Institute of Technology,1987,Atlanta,Georgia
Jermareo Davidson,208,104,University of Alabama,1984,Atlanta,Georgia
Glen Davis,206,131,Louisiana State University,1986,Baton Rouge,Louisiana
Guillermo Diaz,188,87,University of Miami,1985,San Juan,Puerto Rico
Jared Dudley,201,102,Boston College,1985,San Diego,California
Kevin Durant,206,108,University of Texas at Austin,1988,Washington,District of Columbia
Nick Fazekas,211,106,"University of Nevada, Reno",1985,Denver,Colorado
Kyrylo Fesenko,216,130,,1986,Dnepropetrovsk,Ukraine
Thomas Gardner,196,102,University of Missouri,1985,Portland,Oregon
Marcin Gortat,211,108,,1984,Lodz,Poland
Aaron Gray,213,122,University of Pittsburgh,1984,Tarzana,California
Taurean Green,183,80,University of Florida,1986,Fort Lauderdale,Florida
Mike Harris,198,108,Rice University,1983,Hillsboro,Texas
Spencer Hawes,216,111,University of Washington,1988,Seattle,Washington
Al Horford,208,111,University of Florida,1986,Puerto Plata,Dominican Republic
Yi Jianlian,213,108,,1987,He Shan,China
Coby Karl,196,97,Boise State University,1983,Great Falls,Montana
Carl Landry,206,112,Purdue University,1983,Milwaukee,Wisconsin
Keith Langford,193,97,University of Kansas,1983,Fort Worth,Texas
Stephane Lasme,203,97,University of Massachusetts Amherst,1982,Port-Gentil,Gabon
Acie Law,190,88,Texas A&M University,1985,Dallas,Texas
Ian Mahinmi,211,113,,1986,Rouen,France
Dominic McGuire,206,99,"California State University, Fresno",1985,San Diego,California
Josh McRoberts,208,108,Duke University,1987,Indianapolis,Indiana
Jamario Moon,203,92,Meridian Community College,1980,Goodwater,Alabama
Juan Carlos,203,92,,1980,,
Demetris Nichols,203,97,Syracuse University,1984,Boston,Massachusetts
Joakim Noah,211,104,University of Florida,1985,New York,New York
Oleksiy Pecherov,213,105,,1985,Donetsk,Ukraine
Kosta Perovic,218,108,,1985,Osijek,Croatia
Kasib Powell,201,97,Texas Tech University,1981,Teaneck,New Jersey
Gabe Pruitt,193,77,University of Southern California,1986,Los Angeles,California
Chris Richard,206,122,University of Florida,1984,Lakeland,Florida
Cheikh Samb,216,111,,1984,Senegal,
Luis Scola,206,108,,1980,Buenos Aires,Argentina
Ramon Sessions,190,86,"University of Nevada, Reno",1986,Myrtle Beach,South Carolina
Courtney Sims,208,111,University of Michigan,1983,Roslindale,Massachusetts
Rodney Stuckey,196,95,Eastern Washington University,1986,Seattle,Washington
Al Thornton,203,99,Florida State University,1983,Perry,Georgia
Darius Washington,188,88,University of Memphis,1985,Winter Park,Florida
Darryl Watkins,211,117,Syracuse University,1984,Paterson,New Jersey
C.J. Watson,211,117,,1984,,
Sean Williams,208,106,Boston College,1986,Houston,Texas
Julian Wright,203,102,University of Kansas,1987,Chicago,Illinois
Nick Young,201,95,University of Southern California,1985,Los Angeles,California
Thaddeus Young,203,100,Georgia Institute of Technology,1988,New Orleans,Louisiana
Alexis Ajinca,218,112,,1988,Saint-Etienne,France
Joe Alexander,203,104,West Virginia University,1986,Kaohsiung,Taiwan
Ryan Anderson,208,108,University of California,1988,Sacramento,California
Darrell Arthur,206,106,University of Kansas,1988,Dallas,Texas
D.J. Augustin,206,106,,1988,,
Nicolas Batum,203,90,,1988,Lisieux,France
Jerryd Bayless,190,90,University of Arizona,1988,Phoenix,Arizona
Michael Beasley,206,106,Kansas State University,1989,Frederick,Maryland
Mario Chalmers,188,86,University of Kansas,1986,Anchorage,Alaska
Joe Crawford,196,95,University of Kentucky,1986,Detroit,Michigan
Joey Dorsey,203,121,University of Memphis,1983,Baltimore,Maryland
Chris Douglas-Roberts,201,90,University of Memphis,1987,Detroit,Michigan
Goran Dragic,190,86,,1986,Ljubljana,Slovenia
Rudy Fernandez,198,83,,1985,Palma de Mallorca,Spain
Danilo Gallinari,208,102,,1988,Sant'Angelo Lodigiano,Italy
Marc Gasol,216,115,,1985,Barcelona,Spain
J.R. Giddens,216,115,,1985,,
Eric Gordon,193,97,Indiana University,1988,Indianapolis,Indiana
Donte Greene,211,102,Syracuse University,1988,Munich,Germany
Hamed Haddadi,218,115,,1985,Ahvaz,Islamic Republic of Iran
Malik Hairston,198,99,University of Oregon,1987,Detroit,Michigan
Roy Hibbert,218,122,Georgetown University,1986,Queens,New York
J.J. Hickson,218,122,,1986,,
George Hill,190,85,Indiana University-Purdue University Indianapolis,1986,Indianapolis,Indiana
Steven Hill,213,112,University of Arkansas,1985,Chanute,Kansas
Othello Hunter,203,102,Ohio State University,1986,Winston-Salem,North Carolina
Darnell Jackson,206,114,University of Kansas,1985,Oklahoma City,Oklahoma
Nathan Jawai,208,127,Midland College,1986,Sydney,Australia
Dontell Jefferson,196,88,University of Arkansas,1983,Lithonia,Georgia
Trey Johnson,196,98,Jackson State University,1984,Jackson,Mississippi
DeAndre Jordan,211,120,Texas A&M University,1988,Houston,Texas
Kosta Koufos,213,120,Ohio State University,1989,Canton,Ohio
Rob Kurz,206,105,University of Notre Dame,1985,Philadelphia,Pennsylvania
Courtney Lee,196,90,Western Kentucky University,1985,Indianapolis,Indiana
Brook Lopez,213,124,Stanford University,1988,North Hollywood,California
Robin Lopez,213,115,Stanford University,1988,North Hollywood,California
Kevin Love,208,113,"University of California, Los Angeles",1988,Santa Monica,California
Cartier Martin,201,99,Kansas State University,1984,Crockett,Texas
O.J. Mayo,201,99,,1984,,
Luc Mbah,201,99,,1984,,
JaVale McGee,213,122,"University of Nevada, Reno",1988,Flint,Michigan
Anthony Morrow,196,95,Georgia Institute of Technology,1985,Charlotte,North Carolina
DeMarcus Nelson,193,90,Duke University,1985,Oakland,California
Greg Oden,213,113,Ohio State University,1988,Buffalo,New York
Anthony Randolph,208,92,Louisiana State University,1989,Worzbach,Germany
Derrick Rose,190,86,University of Memphis,1988,Chicago,Illinois
Brandon Rush,198,99,University of Kansas,1985,Kansas City,Missouri
Walter Sharpe,206,111,University of Alabama at Birmingham,1986,Huntsville,Alabama
Sean Singletary,183,83,University of Virginia,1985,Philadelphia,Pennsylvania
Marreese Speights,208,115,University of Florida,1987,St. Petersburg,Florida
Mike Taylor,188,74,Iowa State University,1986,Chicago,Illinois
Anthony Tolliver,203,108,Creighton University,1985,Springfield,Missouri
Roko Ukic,196,83,,1984,Split,Croatia
Henry Walker,196,83,,1984,,
Kyle Weaver,198,91,Washington State University,1986,Janesville,Wisconsin
Sonny Weems,198,92,University of Arkansas,1986,West Memphis,Arkansas
Russell Westbrook,190,90,"University of California, Los Angeles",1988,Long Beach,California
D.J. White,190,90,,1988,,
Sun Yue,206,92,,1985,Hebei,China
Rodrigue Beaubois,183,77,,1988,Pointe-a-Pitre,Guadeloupe
DeJuan Blair,201,122,University of Pittsburgh,1989,Pittsburgh,Pennsylvania
Jon Brockman,201,115,University of Washington,1987,Snohomish,Washington
Chase Budinger,201,94,University of Arizona,1988,Encinitas,California
DeMarre Carroll,203,97,University of Missouri,1986,Birmingham,Alabama
Omri Casspi,206,102,,1988,Holon,Israel
Earl Clark,208,102,University of Louisville,1988,Plainfield,New Jersey
Darren Collison,183,79,"University of California, Los Angeles",1987,Rancho Cucamonga,California
Dante Cunningham,203,104,Villanova University,1987,Clinton,Maryland
JamesOn Curry,190,86,Oklahoma State University,1986,Pleasant Grove,North Carolina
Stephen Curry,190,86,Davidson College,1988,Akron,Ohio
Austin Daye,211,99,Gonzaga University,1988,Irvine,California
DeMar DeRozan,201,100,University of Southern California,1989,Compton,California
Toney Douglas,188,88,Florida State University,1986,Jonesboro,Georgia
Wayne Ellington,193,90,University of North Carolina,1987,Wynnewood,Pennsylvania
Tyreke Evans,198,99,University of Memphis,1989,Chester,Pennsylvania
Jonny Flynn,183,83,Syracuse University,1989,Niagara Falls,New York
Sundiata Gaines,185,83,University of Georgia,1986,Jamaica,New York
Alonzo Gee,198,102,University of Alabama,1987,Riviera Beach,Florida
Taj Gibson,206,102,University of Southern California,1985,Brooklyn,New York
Trey Gilder,206,83,Northwestern State University,1985,Dallas,Texas
Taylor Griffin,201,107,University of Oklahoma,1986,Oklahoma City,Oklahoma
Tyler Hansbrough,206,113,University of North Carolina,1985,Poplar Bluff,Missouri
James Harden,196,99,Arizona State University,1989,Los Angeles,California
Jordan Hill,208,106,University of Arizona,1987,Atlanta,Georgia
Jrue Holiday,193,92,"University of California, Los Angeles",1990,Chatsworth,California
Lester Hudson,190,86,University of Tennessee at Martin,1984,Memphis,Tennessee
Chris Hunter,211,108,University of Michigan,1984,Gary,Indiana
Serge Ibaka,208,106,,1989,Brazzaville,Republic of the Congo
Cedric Jackson,190,86,Cleveland State University,1986,Alamogordo,New Mexico
Othyus Jeffers,196,90,Robert Morris University (IL),1985,Chicago,Illinois
Brandon Jennings,185,77,,1989,Compton,California
Jonas Jerebko,208,104,,1987,Kinna,Sweden
James Johnson,206,113,Wake Forest University,1987,Cheyenne,Wyoming
Oliver Lafayette,188,86,University of Houston,1984,Baton Rouge,Louisiana
Marcus Landry,201,104,University of Wisconsin,1985,Milwaukee,Wisconsin
Ty Lawson,180,88,University of North Carolina,1987,Clinton,Maryland
Eric Maynor,190,79,Virginia Commonwealth University,1987,Raeford,North Carolina
Jodie Meeks,193,95,University of Kentucky,1987,Norcross,Georgia
Patty Mills,203,111,Louisiana Tech University,1985,Monroe,Louisiana
Byron Mullens,213,124,Ohio State University,1989,Canal Winchester,Ohio
A.J. Price,213,124,,1989,,
DaJuan Summers,203,104,Georgetown University,1988,Baltimore,Maryland
Jeff Teague,188,84,Wake Forest University,1988,Indianapolis,Indiana
Garrett Temple,198,88,Louisiana State University,1986,Baton Rouge,Louisiana
Hasheem Thabeet,221,119,University of Connecticut,1987,Dar es Salaam,United Republic of Tanzania
Marcus Thornton,193,92,Louisiana State University,1987,Baton Rouge,Louisiana
Terrence Williams,198,99,University of Louisville,1987,Seattle,Washington
Sam Young,198,99,University of Pittsburgh,1985,Washington,District of Columbia
Jeff Adrien,201,111,University of Connecticut,1986,Brookline,Massachusetts
Solomon Alabi,216,113,Florida State University,1988,Kaduna,Nigeria
Cole Aldrich,211,113,University of Kansas,1988,Burnsville,Minnesota
Al-Farouq Aminu,206,99,Wake Forest University,1990,Atlanta,Georgia
James Anderson,198,96,Oklahoma State University,1989,El Dorado,Arkansas
Omer Asik,213,115,,1986,Bursa,Turkey
Luke Babbitt,206,102,"University of Nevada, Reno",1989,Cincinnati,Ohio
Eric Bledsoe,185,86,University of Kentucky,1989,Birmingham,Alabama
Trevor Booker,203,103,Clemson University,1987,Newberry,South Carolina
Craig Brackins,208,104,Iowa State University,1987,Los Angeles,California
Avery Bradley,188,81,University of Texas at Austin,1990,Tacoma,Washington
Derrick Caracter,206,124,University of Texas at El Paso,1988,Fanwood,New Jersey
Sherron Collins,180,92,University of Kansas,1987,Chicago,Illinois
Marcus Cousin,211,111,University of Houston,1986,Baltimore,Maryland
DeMarcus Cousins,211,122,University of Kentucky,1990,Mobile,Alabama
Jordan Crawford,196,95,University of Kentucky,1986,Detroit,Michigan
Ed Davis,208,108,University of North Carolina,1989,Washington,District of Columbia
Zabian Dowdell,190,86,Virginia Polytechnic Institute and State University,1984,Pahokee,Florida
Devin Ebanks,206,97,West Virginia University,1989,Queens,New York
Semih Erden,213,108,,1986,Istanbul,Turkey
Jeremy Evans,206,90,Western Kentucky University,1987,Crossett,Arkansas
Christian Eyenga,196,95,,1989,Kinshasa,Democratic Republic of the Congo
Derrick Favors,208,120,Georgia Institute of Technology,1991,Atlanta,Georgia
Landry Fields,201,95,Stanford University,1988,Long Beach,California
Gary Forbes,201,99,University of Massachusetts Amherst,1985,Colon,Panama
Paul George,206,99,"California State University, Fresno",1990,Palmdale,California
Blake Griffin,208,113,University of Oklahoma,1989,Oklahoma City,Oklahoma
Luke Harangody,203,111,University of Notre Dame,1988,Decatur,Illinois
Manny Harris,196,83,University of Michigan,1989,Detroit,Michigan
Gordon Hayward,203,102,Butler University,1990,Indianapolis,Indiana
Lazar Hayward,198,102,Marquette University,1986,Buffalo,New York
Xavier Henry,198,99,University of Kansas,1991,Gent,Belgium
Damion James,201,102,University of Texas at Austin,1987,Hobbs,New Mexico
Eugene Jeter,180,79,University of Portland,1983,Los Angeles,California
Wesley Johnson,201,97,Syracuse University,1987,Corsicana,Texas
Gani Lawal,206,106,Georgia Institute of Technology,1988,College Park,Georgia
Jeremy Lin,190,90,Harvard University,1988,Palo Alto,California
Greg Monroe,211,120,Georgetown University,1990,New Orleans,Louisiana
Timofey Mozgov,216,124,,1986,St. Petersburg,Russia
Hamady N'Diaye,213,106,Rutgers University,1987,Dakar,Senegal
Gary Neal,193,95,Towson University,1984,Baltimore,Maryland
Larry Owens,201,95,Oral Roberts University,1983,Mesa,Arizona
Patrick Patterson,206,104,University of Kentucky,1989,Washington,District of Columbia
Nikola Pekovic,211,139,,1986,Bijelo Polje,Montenegro
Dexter Pittman,211,139,University of Texas at Austin,1988,Rosenberg,Texas
Quincy Pondexter,201,99,University of Washington,1988,Fresno,California
Andy Rautins,193,86,Syracuse University,1986,Syracuse,New York
Samardo Samuels,206,117,University of Louisville,1989,Trelawny,Jamaica
Larry Sanders,211,106,Virginia Commonwealth University,1988,Fort Pierce,Florida
Kevin Seraphin,206,129,,1989,Cayenne,French Guiana
Mustafa Shakur,190,86,University of Arizona,1984,Philadelphia,Pennsylvania
Garret Siler,211,138,Augusta State University,1986,Augusta,Georgia
Ish Smith,183,79,Wake Forest University,1988,Charlotte,North Carolina
Tiago Splitter,211,111,,1985,Joinville,Brazil
Lance Stephenson,196,104,University of Cincinnati,1990,Brooklyn,New York
Pape Sy,201,102,,1988,Loudeac,France
Evan Turner,201,99,Ohio State University,1988,Chicago,Illinois
Ekpe Udoh,208,108,Baylor University,1987,Edmond,Oklahoma
Ben Uzoh,190,92,University of Tulsa,1988,Houston,Texas
Greivis Vasquez,198,98,University of Maryland,1987,Caracas,Venezuela
John Wall,193,88,University of Kentucky,1990,Raleigh,North Carolina
Willie Warren,193,92,University of Oklahoma,1989,Dallas,Texas
Hassan Whiteside,213,120,Marshall University,1989,Gastonia,North Carolina
Lavoy Allen,206,117,Temple University,1989,Morrisville,Pennsylvania
Gustavo Ayon,208,113,,1985,Tepic,Mexico
Bismack Biyombo,206,115,,1992,Lubumbashi,Democratic Republic of the Congo
MarShon Brooks,196,90,Providence College,1989,Long Branch,New Jersey
Alec Burks,198,97,University of Colorado,1991,Grandview,Missouri
Jimmy Butler,201,99,Marquette University,1989,Houston,Texas
Derrick Byars,201,99,Vanderbilt University,1984,Memphis,Tennessee
Norris Cole,188,79,Cleveland State University,1988,Dayton,Ohio
Eric Dawson,206,113,Midwestern State University,1984,San Antonio,Texas
Justin Dentmon,180,83,University of Washington,1985,Carbondale,Illinois
Jerome Dyson,190,81,University of Connecticut,1987,Rockville,Maryland
Kenneth Faried,203,103,Morehead State University,1989,Newark,New Jersey
Jeff Foote,213,120,Cornell University,1987,Lockwood,New York
Courtney Fortson,180,83,University of Arkansas,1988,San Antonio,Texas
Jimmer Fredette,188,88,Brigham Young University,1989,Glens Falls,New York
Mickell Gladness,211,99,Alabama A&M University,1986,Birmingham,Alabama
Andrew Goudelock,190,90,College of Charleston,1988,Gainesville,Georgia
Justin Harper,208,102,University of Richmond,1989,Richmond,Virginia
Josh Harrellson,208,124,University of Kentucky,1989,St. Charles,Missouri
Terrel Harris,196,86,Oklahoma State University,1987,Dallas,Texas
Cory Higgins,196,81,University of Colorado,1989,Danville,California
Darington Hobson,201,95,University of New Mexico,1987,Las Vegas,Nevada
Tyler Honeycutt,203,85,"University of California, Los Angeles",1990,Los Angeles,California
Dennis Horner,206,104,North Carolina State University,1988,Linwood,New Jersey
Kyrie Irving,190,87,Duke University,1992,Melbourne,Australia
Reggie Jackson,190,94,Boston College,1990,Pordenone,Italy
Charles Jenkins,190,99,Hofstra University,1989,Brooklyn,New York
Carldell Johnson,178,81,University of Alabama at Birmingham,1983,New Orleans,Louisiana
Ivan Johnson,203,104,University of Oregon,1984,San Antonio,Texas
JaJuan Johnson,206,113,Wake Forest University,1987,Cheyenne,Wyoming
Jerome Jordan,213,114,University of Tulsa,1986,Kingston,Jamaica
Cory Joseph,190,87,University of Texas at Austin,1991,Toronto,Canada
Enes Kanter,211,111,,1992,Zurich,Switzerland
D.J. Kennedy,211,111,,1992,,
Malcolm Lee,196,90,"University of California, Los Angeles",1990,Riverside,California
Kawhi Leonard,201,104,San Diego State University,1991,Los Angeles,California
Travis Leslie,193,92,University of Georgia,1990,Atlanta,Georgia
Jon Leuer,208,103,University of Wisconsin,1989,Long Lake,Minnesota
DeAndre Liggins,198,94,University of Kentucky,1988,Chicago,Illinois
Shelvin Mack,190,92,Butler University,1990,Lexington,Kentucky
Vernon Macklin,208,102,University of Florida,1986,Portsmouth,Virginia
E'Twaun Moore,208,102,,1986,,
Darius Morris,193,86,University of Michigan,1991,Los Angeles,California
Daniel Orton,208,115,University of Kentucky,1990,Oklahoma City,Oklahoma
Jeremy Pargo,188,99,Gonzaga University,1986,Chicago,Illinois
Chandler Parsons,208,104,University of Florida,1988,Casselberry,Florida
Ryan Reid,203,105,Florida State University,1986,Lauderdale Lakes,Florida
Ricky Rubio,193,87,,1990,Barcelona,Spain
Josh Selby,188,83,University of Kansas,1991,Baltimore,Maryland
Iman Shumpert,196,99,Georgia Institute of Technology,1990,Oak Park,Illinois
Xavier Silas,196,92,Northern Illinois University,1988,San Antonio,Texas
Chris Singleton,203,104,Florida State University,1989,Canton,Georgia
Donald Sloan,190,92,Texas A&M University,1988,Shreveport,Louisiana
Jerry Smith,188,86,University of Louisville,1987,Wauwatosa,Wisconsin
Nolan Smith,188,83,Duke University,1988,Louisville,Kentucky
Greg Stiemsma,211,117,University of Wisconsin,1985,Randolph,Wisconsin
Julyan Stone,198,90,University of Texas at El Paso,1988,Alexandria,Virginia
Lance Thomas,203,106,Duke University,1988,Brooklyn,New York
Malcolm Thomas,206,102,San Diego State University,1988,Columbia,Missouri
Trey Thompkins,206,107,University of Texas at Austin,1991,Toronto,Canada
Klay Thompson,201,97,Washington State University,1990,Los Angeles,California
Tristan Thompson,206,107,University of Texas at Austin,1991,Toronto,Canada
Jeremy Tyler,208,117,,1991,San Diego,California
Edwin Ubiles,198,92,Siena College,1986,Brooklyn,New York
Jan Vesely,211,108,,1990,Ostrava,Czech Republic
Nikola Vucevic,213,117,University of Southern California,1990,Morges,Switzerland
Derrick Williams,190,90,University of Illinois at Urbana-Champaign,1984,Parkersburg,West Virginia
Elliot Williams,196,86,University of Memphis,1989,Memphis,Tennessee
Chris Wright,203,102,University of Dayton,1988,Trotwood,Ohio
Quincy Acy,201,108,Baylor University,1990,Tyler,Texas
Josh Akognon,180,83,"California State University, Fullerton",1986,Greenbrae,California
Will Barton,198,79,University of Memphis,1991,Baltimore,Maryland
Aron Baynes,208,117,Washington State University,1986,Gisborne,New Zealand
Kent Bazemore,196,91,Old Dominion University,1989,Kelford,North Carolina
Bradley Beal,196,93,University of Florida,1993,St. Louis,Missouri
Patrick Beverley,185,83,University of Arkansas,1988,Chicago,Illinois
Victor Claver,206,101,,1988,Valencia,Spain
Chris Copeland,206,108,University of Colorado,1984,Orange,New Jersey
Jae Crowder,198,106,Marquette University,1990,Villa Rica,Georgia
Jared Cunningham,193,88,Oregon State University,1991,Oakland,California
Andre Drummond,211,126,University of Connecticut,1993,Mount Vernon,New York
Kim English,198,90,University of Missouri,1988,Baltimore,Maryland
Festus Ezeli,211,115,Vanderbilt University,1989,Benin City,Nigeria
Evan Fournier,201,92,,1992,Saint-Maurice,France
Joel Freeland,208,113,,1987,Farnham,United Kingdom
Draymond Green,201,104,Michigan State University,1990,Saginaw,Michigan
Ben Hansbrough,190,92,University of Notre Dame,1987,Poplar Bluff,Missouri
Maurice Harkless,206,97,St. John's University,1993,Queens,New York
John Henson,211,103,University of North Carolina,1990,Greensboro,North Carolina
Justin Holiday,198,83,University of Washington,1989,Mission Hills,California
Bernard James,208,108,Florida State University,1985,Savannah,Georgia
John Jenkins,193,97,Vanderbilt University,1991,Nashville,Tennessee
Orlando Johnson,196,99,"University of California, Santa Barbara",1989,Monterey,California
DeQuan Jones,203,100,University of Miami,1990,Stone Mountain,Georgia
Kevin Jones,203,113,West Virginia University,1989,Mount Vernon,New York
Perry Jones,211,106,Baylor University,1991,Winnsboro,Louisiana
Terrence Jones,206,114,University of Kentucky,1992,Portland,Oregon
Kris Joseph,201,95,Syracuse University,1988,Montreal,Canada
Michael Kidd-Gilchrist,201,105,University of Kentucky,1993,Philadelphia,Pennsylvania
Viacheslav Kravtsov,213,117,,1987,Odessa,Ukraine
Doron Lamb,193,95,University of Kentucky,1991,Queens,New York
Jeremy Lamb,196,83,University of Connecticut,1992,Henrico Valley,Virginia
Meyers Leonard,216,111,University of Illinois at Urbana-Champaign,1992,Woodbridge,Virginia
Damian Lillard,190,88,Weber State University,1990,Oakland,California
Scott Machado,185,92,Iona College,1990,Queens,New York
Kendall Marshall,193,90,University of North Carolina,1991,Dumfries,Virginia
Fab Melo,213,115,Syracuse University,1990,Juiz de Forz,Brazil
Khris Middleton,203,106,Texas A&M University,1991,Charleston,South Carolina
Darius Miller,203,106,University of Kentucky,1990,Maysville,Kentucky
Quincy Miller,206,95,Baylor University,1992,Chicago,Illinois
Donatas Motiejunas,213,100,,1990,Kaunas,Lithuania
Arnett Moultrie,211,112,Mississippi State University,1990,Queens,New York
Kevin Murphy,196,83,Tennessee Technological University,1990,Atlanta,Georgia
Andrew Nicholson,206,113,St. Bonaventure University,1989,Mississauga,Canada
Kyle O'Quinn,208,113,Norfolk State University,1990,Flushing,New York
Tim Ohlbrecht,211,115,,1988,Wuppertal,Germany
Miles Plumlee,211,112,Duke University,1988,Fort Wayne,Indiana
Austin Rivers,193,90,Duke University,1992,Santa Monica,California
Brian Roberts,185,78,University of Dayton,1985,Toledo,Ohio
Thomas Robinson,208,107,University of Kansas,1991,Washington,District of Columbia
Terrence Ross,201,93,University of Washington,1991,Portland,Oregon
Robert Sacre,213,122,Gonzaga University,1989,Baton Rouge,Louisiana
Mike Scott,203,107,University of Virginia,1988,Chesapeake,Virginia
Tornike Shengelia,206,98,,1991,Tbilisi,Georgia
Alexey Shved,198,86,,1988,Belgorod,Russia
Henry Sims,208,112,Georgetown University,1990,Baltimore,Maryland
Kyle Singler,203,103,Duke University,1988,Medford,Oregon
Jared Sullinger,206,117,Ohio State University,1992,Columbus,Ohio
Tyshawn Taylor,190,83,University of Kansas,1990,Hoboken,New Jersey
Marquis Teague,188,85,University of Kentucky,1993,Indianapolis,Indiana
Mirza Teletovic,206,109,,1985,Mostar,Bosnia and Herzegovina
Jonas Valanciunas,213,120,,1992,Utena,Lithuania
Jarvis Varnado,206,104,Mississippi State University,1988,Fairfax,Virginia
Dion Waiters,193,102,Syracuse University,1991,Philadelphia,Pennsylvania
Maalik Wayns,188,90,Villanova University,1991,Philadelphia,Pennsylvania
Tony Wroten,198,92,University of Washington,1993,Seattle,Washington
Luke Zeller,211,111,University of Notre Dame,1987,Ames,Iowa
Tyler Zeller,213,114,University of North Carolina,1990,Visalia,California
Steven Adams,213,115,University of Pittsburgh,1993,Rotorua,New Zealand
Giannis Antetokounmpo,211,100,,1994,Athens,Greece
Pero Antic,211,117,,1982,Skopje,FYR Macedonia
Chris Babb,196,102,Iowa State University,1990,Arlington,Texas
Anthony Bennett,203,111,"University of Nevada, Las Vegas",1993,Toronto,Canada
Vander Blue,193,90,Marquette University,1992,Milwaukee,Wisconsin
Lorenzo Brown,196,85,North Carolina State University,1990,Roswell,Georgia
Reggie Bullock,201,92,University of North Carolina,1991,Baltimore,Maryland
Trey Burke,185,86,University of Michigan,1992,Columbus,Ohio
Dwight Buycks,190,86,Marquette University,1989,Milwaukee,Wisconsin
Nick Calathes,198,96,University of Florida,1989,Casselberry,Florida
Kentavious Caldwell-Pope,196,92,University of Georgia,1993,Thomaston,Georgia
Isaiah Canaan,183,91,Murray State University,1991,Biloxi,Mississippi
Michael Carter-Williams,198,86,Syracuse University,1991,Hamilton,Massachusetts
Dionte Christmas,196,92,Temple University,1986,Philadelphia,Pennsylvania
Ian Clark,190,79,Belmont University,1991,Memphis,Tennessee
Robert Covington,206,97,Tennessee State University,1990,Bellwood,Illinois
Allen Crabbe,198,95,University of California,1992,Los Angeles,California
Seth Curry,188,83,Duke University,1990,Charlotte,North Carolina
Troy Daniels,193,92,Virginia Commonwealth University,1991,Roanoke,Virginia
Luigi Datome,203,97,,1987,Montebelluna,Italy
Brandon Davies,208,108,Brigham Young University,1991,Philadelphia,Pennsylvania
Dewayne Dedmon,213,111,University of Southern California,1989,Lancaster,California
Matthew Dellavedova,193,89,Saint Mary's College of California,1990,Maryborough,Australia
Gorgui Dieng,211,109,University of Louisville,1990,Kebemer,Senegal
Shane Edwards,201,99,University of Arkansas at Little Rock,1987,Los Angeles,California
Vitor Faverani,211,117,,1988,Porto Alegre,Brazil
Carrick Felix,198,91,Arizona State University,1990,Las Vegas,Arizona
Jamaal Franklin,196,86,San Diego State University,1991,Moreno Valley,California
Rudy Gobert,216,111,,1992,Saint-Quentin,France
Archie Goodwin,196,90,University of Kentucky,1994,Little Rock,Arkansas
Jorge Gutierrez,190,86,University of California,1988,Chihuahua,Mexico
Justin Hamilton,213,117,Louisiana State University,1990,Newport Beach,California
Elias Harris,203,108,Gonzaga University,1989,Speyer,Germany
Solomon Hill,201,102,University of Arizona,1991,Los Angeles,California
Scotty Hopson,201,92,University of Tennessee,1989,Hopkinsville,Kentucky
Robbie Hummel,203,97,Purdue University,1989,Valparaiso,Indiana
Sergey Karasev,201,94,,1993,St. Petersburg,Russia
Ryan Kelly,211,104,Duke University,1991,Carmel,New York
Ognjen Kuzmic,216,113,,1990,Doboj,Bosnia and Herzegovina
Shane Larkin,180,79,University of Miami,1992,Cincinnati,Ohio
Ricky Ledo,201,88,,1992,Providence,Rhode Island
Alex Len,216,117,University of Maryland,1993,Antratsit,Ukraine
Ray McCallum,190,86,University of Detroit Mercy,1991,Madison,Wisconsin
C.J. McCollum,190,86,,1991,,
Ben McLemore,196,88,University of Kansas,1993,St. Louis,Missouri
Gal Mekel,190,86,Wichita State University,1988,Petah Tikva,Israel
Shabazz Muhammad,198,101,"University of California, Los Angeles",1992,Los Angeles,California
Erik Murphy,208,104,University of Florida,1990,Lyon,France
Toure' Murry,196,88,Wichita State University,1989,Houston,Texas
Mike Muscala,211,108,Bucknell University,1991,St. Louis Park,Minnesota
Nemanja Nedovic,190,87,,1991,Nova Varos,Serbia
James Nunnally,201,92,"University of California, Santa Barbara",1990,San Jose,California
Victor Oladipo,193,95,Indiana University,1992,Silver Spring,Maryland
Kelly Olynyk,213,107,Gonzaga University,1991,Toronto,Canada
Arinze Onuaku,206,115,Syracuse University,1987,Lanham,Maryland
Mason Plumlee,211,111,Duke University,1990,Fort Wayne,Indiana
Otto Porter,203,89,Georgetown University,1993,St. Louis,Missouri
Phil Pressey,180,79,University of Missouri,1991,Dallas,Texas
Miroslav Raduljica,213,113,,1988,Belgrade,Serbia
Dennis Schroder,185,78,,1993,Braunschweig,Germany
Peyton Siva,183,83,University of Louisville,1990,Seattle,Washington
Tony Snell,201,90,University of New Mexico,1991,Riverside,California
James Southerland,203,97,Syracuse University,1990,Queens,New York
D.J. Stephens,203,97,,1990,,
Adonis Thomas,201,90,University of Memphis,1993,Memphis,Tennessee
Hollis Thompson,203,93,Georgetown University,1991,Pasadena,California
Casper Ware,178,79,"California State University, Long Beach",1990,Cerritos,California
Jeff Withey,213,104,University of Kansas,1990,San Diego,California
Nate Wolters,193,86,South Dakota State University,1991,St. Cloud,Minnesota
Cody Zeller,213,108,Indiana University,1992,Washington,Indiana
Jordan Adams,196,94,"University of California, Los Angeles",1994,Atlanta,Georgia
Furkan Aldemir,208,108,,1991,Konak,Turkey
Kyle Anderson,206,104,"University of California, Los Angeles",1993,New York,New York
Cameron Bairstow,206,113,University of New Mexico,1990,Brisbane,Australia
Jerrelle Benimon,203,111,Towson University,1991,Warrenton,Virginia
Sim Bhullar,226,163,New Mexico State University,1992,Ontario,Canada
Tarik Black,206,113,University of Kansas,1991,Memphis,Tennessee
Bojan Bogdanovic,198,92,,1992,Belgrade,Serbia
Jabari Brown,193,97,University of Missouri,1992,Oakland,California
Bruno Caboclo,206,98,,1995,Osasco,Brazil
Clint Capela,206,98,,1995,,
Will Cherry,183,83,University of Montana,1991,Oakland,California
Patrick Christopher,196,94,University of California,1988,Compton,California
Jordan Clarkson,196,87,University of Missouri,1992,Tampa,Florida
Jack Cooley,206,117,University of Notre Dame,1991,Evanston,Illinois
Bryce Cotton,185,74,Providence College,1992,Tucson,Arizona
Andre Dawkins,196,97,Duke University,1991,Fairfax,Virginia
Spencer Dinwiddie,198,90,University of Colorado,1993,Los Angeles,California
Zoran Dragic,196,90,,1989,Ljubljana,Slovenia
Cleanthony Early,203,95,Wichita State University,1991,Middletown,New York
James Ennis,201,95,"California State University, Long Beach",1990,Ventura,California
Tyler Ennis,190,87,Syracuse University,1994,Brampton,Canada
Dante Exum,198,86,,1995,Melbourne,Australia
Tim Frazier,185,77,Pennsylvania State University,1990,Houston,Texas
Langston Galloway,188,90,Saint Joseph's University,1991,Baton Rouge,Louisiana
Aaron Gordon,206,99,University of Arizona,1995,San Jose,California
Drew Gordon,206,111,University of New Mexico,1990,San Jose,California
Jerami Grant,203,95,Syracuse University,1994,Portland,Oregon
Erick Green,193,83,Virginia Polytechnic Institute and State University,1991,Inglewood,California
JaMychal Green,206,102,University of Alabama,1990,Montgomery,Alabama
P.J. Hairston,206,102,,1990,,
Gary Harris,193,95,Michigan State University,1994,Fishers,Indiana
Joe Harris,198,99,University of Virginia,1991,Chelan,Washington
Rodney Hood,203,93,Duke University,1992,Meridian,Mississippi
Joe Ingles,203,102,,1987,Happy Valley,Australia
Cory Jefferson,206,98,Baylor University,1990,Tacoma,Washington
Grant Jerrett,208,106,University of Arizona,1993,Costa Mesa,California
Nick Johnson,190,91,University of Arizona,1992,Tempe,Arizona
Tyler Johnson,193,84,"California State University, Fresno",1992,Grand Forks,North Dakota
Sean Kilpatrick,193,95,University of Cincinnati,1990,Yonkers,New York
Alex Kirk,213,111,University of New Mexico,1991,Los Alamos,New Mexico
Joffrey Lauvergne,211,99,,1991,Mulhouse,France
Zach LaVine,196,85,"University of California, Los Angeles",1995,Renton,Washington
Kalin Lucas,185,88,Michigan State University,1989,Sterling Heights,Michigan
Devyn Marble,198,90,University of Iowa,1992,Southfield,Michigan
James Michael,198,90,,1992,,
K.J. McDaniels,198,90,,1992,,
Doug McDermott,203,102,Creighton University,1992,Grand Forks,North Dakota
Mitch McGary,208,115,University of Michigan,1992,Chesterton,Indiana
Jerel McNeal,190,90,Marquette University,1987,Chicago,Illinois
Elijah Millsap,198,102,University of Alabama at Birmingham,1987,Grambling,Louisiana
Nikola Mirotic,208,99,,1991,Podgorica,Montenegro
Eric Moreland,208,107,Oregon State University,1991,Houston,Texas
Shabazz Napier,185,79,University of Connecticut,1991,Roxbury,Massachusetts
Nerlens Noel,211,103,University of Kentucky,1994,Malden,Massachusetts
Lucas Nogueira,213,109,,1992,Sao Goncalo,Brazil
Jusuf Nurkic,213,127,,1994,Tuzla,Bosnia and Herzegovina
Johnny O'Bryant,206,116,Louisiana State University,1993,Cleveland,Mississippi
Kostas Papanikolaou,203,102,,1990,Trikala,Greece
Jabari Parker,203,113,Duke University,1995,Chicago,Illinois
Adreian Payne,208,107,Michigan State University,1991,Dayton,Ohio
Elfrid Payton,193,83,University of Louisiana at Lafayette,1994,Gretna,Louisiana
Dwight Powell,211,108,Stanford University,1991,Toronto,Canada
Julius Randle,206,113,University of Kentucky,1994,Dallas,Texas
Damjan Rudez,208,103,,1986,Zagreb,Croatia
JaKarr Sampson,211,106,University of California,1983,Inglewood,California
Marcus Smart,193,99,Oklahoma State University,1994,Flower Mound,Texas
Russ Smith,183,74,University of Louisville,1991,New York,New York
Nik Stauskas,198,92,University of Michigan,1993,Mississauga,Canada
David Stockton,180,74,Gonzaga University,1991,Spokane,Washington
Jarnell Stokes,206,119,University of Tennessee,1994,Memphis,Tennessee
Noah Vonleh,208,108,Indiana University,1995,Haverhill,Massachusetts
T.J. Warren,208,108,,1995,,
David Wear,208,104,"University of California, Los Angeles",1990,Long Beach,California
Travis Wear,208,104,"University of California, Los Angeles",1990,Long Beach,California
Shayne Whittington,211,113,Western Michigan University,1991,Paw Paw,Michigan
Andrew Wiggins,203,90,University of Kansas,1995,Toronto,Canada
C.J. Wilcox,203,90,,1995,,
James Young,198,97,University of Kentucky,1995,Flint,Michigan
Cliff Alexander,203,111,University of Kansas,1995,Chicago,Illinois
Justin Anderson,198,103,University of Virginia,1993,Montross,Virginia
Thanasis Antetokounmpo,201,92,,1992,Athens,Greece
Keith Appling,185,83,Michigan State University,1992,Detroit,Michigan
Nemanja Bjelica,208,108,,1988,Belgrade,Serbia
Devin Booker,198,93,University of Kentucky,1996,Grand Rapids,Michigan
Anthony Brown,206,111,DePaul University,1981,Chicago,Illinois
Willie Cauley-Stein,213,108,University of Kentucky,1993,Spearville,Kansas
Rakeem Christmas,206,113,Syracuse University,1991,Irvington,New Jersey
Coty Clarke,201,105,University of Arkansas,1992,Antioch,Tennessee
Pat Connaughton,196,93,University of Notre Dame,1993,Arlington,Massachusetts
Branden Dawson,198,102,Michigan State University,1993,Gary,Indiana
Bryce Dejean-Jones,198,94,Iowa State University,1992,Los Angeles,California
Sam Dekker,206,104,University of Wisconsin,1994,Sheboygan,Wisconsin
Duje Dukan,206,99,University of Wisconsin,1991,Split,Croatia
Jarell Eddie,201,98,Virginia Polytechnic Institute and State University,1991,Tampa,Florida
Cristiano Felicio,208,124,,1992,Pouso Alegre,Brazil
Jerian Grant,203,95,Syracuse University,1994,Portland,Oregon
Montrezl Harrell,203,108,University of Louisville,1994,Tarboro,North Carolina
Aaron Harrison,198,95,University of Kentucky,1994,San Antonio,Texas
Mario Hezonja,203,97,,1995,Dubrovnik,Croatia
Darrun Hilliard,198,92,Villanova University,1993,Bethlehem,Pennsylvania
Rondae Hollis-Jefferson,201,99,University of Arizona,1995,Chester,Pennsylvania
Richaun Holmes,208,111,Bowling Green State University,1993,Lockport,Illinois
Marcelo Huertas,190,90,,1983,Sao Paulo,Brazil
Josh Huestis,201,104,Stanford University,1991,Webster,Texas
R.J. Hunter,201,104,,1991,,
Damien Inglis,203,111,,1995,Cayenne,French Guiana
Nikola Jokic,208,113,,1995,Sombor,Serbia
Tyus Jones,188,88,Duke University,1996,Burnsville,Minnesota
Frank Kaminsky,213,109,University of Wisconsin,1993,Winfield,Illinois
Sasha Kaun,211,117,University of Kansas,1985,Tomsk,Russia
Kevon Looney,206,99,"University of California, Los Angeles",1996,Milwaukee,Wisconsin
Trey Lyles,208,106,University of Kentucky,1995,Saskatoon,Canada
Boban Marjanovic,221,131,,1988,Zajecar,Serbia
Jarell Martin,208,108,Louisiana State University,1994,Baton Rouge,Louisiana
T.J. McConnell,208,108,,1994,,
Chris McCullough,211,90,Syracuse University,1995,Bronx,New York
Jordan McRae,198,83,University of Tennessee,1991,Savannah,Georgia
Salah Mejri,216,111,,1986,Jendouba,Tunisia
Jordan Mickey,203,106,Louisiana State University,1994,Dallas,Texas
Luis Montero,201,83,Westchester CC,1993,Santo Domingo,Dominican Republic
Emmanuel Mudiay,196,90,,1996,Kinshasa,Democratic Republic of the Congo
Xavier Munford,196,90,,1996,,
Raul Neto,185,81,,1992,Belo Horizonte,Brazil
J.J. O'Brien,185,81,,1992,,
Jahlil Okafor,211,124,Duke University,1995,Chicago,Illinois
Kelly Oubre,201,92,University of Kansas,1995,New Orleans,Louisiana
Lamar Patterson,196,102,University of Pittsburgh,1991,Lancaster,Pennsylvania
Cameron Payne,190,83,Murray State University,1994,Memphis,Tennessee
Tibor Pleiss,221,116,,1989,Bergisch Gladbach,Germany
Bobby Portis,211,104,University of Arkansas,1995,Little Rock,Arkansas
Kristaps Porzingis,221,108,,1995,Liepaja,Latvia
Norman Powell,193,97,"University of California, Los Angeles",1993,San Diego,California
Josh Richardson,198,90,University of Tennessee,1993,Edmond,Oklahoma
Terry Rozier,188,86,University of Louisville,1994,Youngstown,Ohio
D'Angelo Russell,188,86,,1994,,
Alex Stepheson,208,122,University of Southern California,1987,Los Angeles,California
Walter Tavares,221,117,,1992,Maio,Cape Verde
Axel Toupane,201,89,,1992,Mulhouse,France
Karl-Anthony Towns,213,110,University of Kentucky,1995,Edison,New Jersey
Myles Turner,211,110,University of Texas at Austin,1996,Bedford,Texas
Rashad Vaughn,198,91,"University of Nevada, Las Vegas",1996,Minneapolis,Minnesota
Briante Weber,188,74,Virginia Commonwealth University,1992,Chesapeake,Virginia
Justise Winslow,201,102,Duke University,1996,Houston,Texas
Christian Wood,211,99,"University of Nevada, Las Vegas",1995,Long Beach,California
Delon Wright,196,83,University of Utah,1992,Los Angeles,California
Joe Young,188,81,University of Oregon,1992,Houston,Texas
Alex Abrines,198,86,,1993,Palma de Mallorca,Spain
Ron Baker,193,99,Wichita State University,1993,Hays,Kansas
Wade Baldwin,193,91,Vanderbilt University,1996,Belle Mead,New Jersey
Malik Beasley,196,88,Florida State University,1996,Atlanta,Georgia
DeAndre' Bembry,198,95,Saint Joseph's University,1994,Charlotte,North Carolina
Dragan Bender,216,102,,1997,Capljina,Bosnia and Herzegovina
Ben Bentil,206,106,Providence College,1995,Ghana,
Davis Bertans,208,95,,1992,Valmiera,Latvia
Joel Bolomboy,206,106,Weber State University,1994,Kiev,Ukraine
Malcolm Brogdon,196,97,University of Virginia,1992,Atlanta,Georgia
Jaylen Brown,193,97,University of Missouri,1992,Oakland,California
Nicolas Brussino,201,88,,1993,Santa Fe,Argentina
Marquese Chriss,208,105,University of Washington,1997,Sacramento,California
Semaj Christon,190,86,Xavier University,1992,Cincinnati,Ohio
Quinn Cook,188,83,Duke University,1993,Washington,District of Columbia
Deyonta Davis,211,107,Michigan State University,1996,Muskegon,Michigan
Malcolm Delaney,190,86,Virginia Polytechnic Institute and State University,1989,Baltimore,Maryland
Cheick Diallo,206,99,University of Kansas,1996,Kayes,Mali
Kris Dunn,193,95,Providence College,1994,New London,Connecticut
Henry Ellenson,211,111,Marquette University,1997,Rice Lake,Wisconsin
Joel Embiid,213,113,University of Kansas,1994,Yaounde,Cameroon
Kay Felder,175,79,Oakland University,1995,Detroit,Michigan
Yogi Ferrell,183,81,Indiana University,1993,Indianapolis,Indiana
Dorian Finney-Smith,203,99,University of Florida,1993,Portsmouth,Virginia
Bryn Forbes,190,86,Michigan State University,1993,Lansing,Michigan
Patricio Garino,198,95,George Washington University,1993,Buenos Aires,Argentina
Michael Gbinije,201,90,Syracuse University,1992,Hartford,Connecticut
Marcus Georges-Hunt,196,97,Georgia Institute of Technology,1994,Miami,Florida
Jonathan Gibson,188,83,New Mexico State University,1987,West Covina,California
Treveon Graham,198,99,Virginia Commonwealth University,1993,Washington,District of Columbia
A.J. Hammons,198,99,,1993,,
Andrew Harrison,198,96,University of Kentucky,1994,San Antonio,Texas
Juan Hernangomez,206,104,,1995,Madrid,Spain
Willy Hernangomez,211,108,,1994,Madrid,Spain
Buddy Hield,193,97,University of Oklahoma,1993,Freeport,Bahamas
Danuel House,201,93,Texas A&M University,1993,Houston,Texas
Brandon Ingram,206,86,Duke University,1997,Kinston,North Carolina
Demetrius Jackson,185,91,University of Notre Dame,1994,South Bend,Indiana
Pierre Jackson,178,81,Baylor University,1991,Las Vegas,Nevada
Derrick Jones,203,100,University of Miami,1990,Stone Mountain,Georgia
Mindaugas Kuzminskas,206,97,,1989,Vilnius,Lithuania
Skal Labissiere,211,102,University of Kentucky,1996,Port-Au-Prince,Haiti
Nicolas Laprovittola,193,81,,1990,Buenos Aires,Argentina
Jake Layman,206,95,University of Maryland,1994,Norwood,Massachusetts
Caris LeVert,201,92,University of Michigan,1994,Columbus,Ohio
Shawn Long,206,115,University of Louisiana at Lafayette,1993,Morgan City,Louisiana
Timothe Luwawu-Cabarrot,198,92,,1995,Cannes,France
Thon Maker,216,97,,1997,South Sudan,
Patrick McCaw,201,83,"University of Nevada, Las Vegas",1995,St. Louis,Missouri
Sheldon McClellan,196,90,University of Miami,1992,Houston,Texas
Rodney McGruder,193,92,Kansas State University,1991,Landover,Maryland
Dejounte Murray,196,77,University of Washington,1996,Seattle,Washington
Jamal Murray,193,93,University of Kentucky,1997,Kitchener,Canada
Maurice Ndour,206,90,Ohio University,1992,Sindia,Senegal
Georges Niang,203,104,Iowa State University,1993,Lawrence,Massachusetts
David Nwaba,193,94,"California Polytechnic State University, San Luis Obispo",1993,Los Angeles,California
Daniel Ochefu,211,111,Villanova University,1993,Baltimore,Maryland
Chinanu Onuaku,208,111,University of Louisville,1996,Baltimore,Maryland
Georgios Papagiannis,216,108,,1997,Amarousio,Greece
Marshall Plumlee,211,111,Duke University,1990,Fort Wayne,Indiana
Jakob Poeltl,213,112,University of Utah,1995,Vienna,Austria
Alex Poythress,201,107,University of Kentucky,1993,Savannah,Georgia
Tim Quarterman,198,88,Louisiana State University,1994,Savannah,Georgia
Chasson Randle,188,83,Stanford University,1993,Rock Island,Illinois
Malachi Richardson,198,92,Syracuse University,1996,Trenton,New Jersey
Domantas Sabonis,211,108,Gonzaga University,1996,Portland,Oregon
Dario Saric,208,101,,1994,Sibenik,Croatia
Tomas Satoransky,201,95,,1991,Prague,Czech Republic
Wayne Selden,196,104,University of Kansas,1994,Roxbury,Massachusetts
Pascal Siakam,206,104,New Mexico State University,1994,Douala,Cameroon
Diamond Stone,211,115,University of Maryland,1997,Milwaukee,Wisconsin
Edy Tavares,211,115,,1997,,
Isaiah Taylor,190,77,University of Texas at Austin,1994,Hayward,California
Mike Tobey,213,117,University of Virginia,1994,Monroe,New York
Tyler Ulis,178,68,University of Kentucky,1996,Detroit,Michigan
Jarrod Uthoff,206,100,University of Iowa,1993,Cedar Rapids,Iowa
Denzel Valentine,198,96,Michigan State University,1993,Lansing,Michigan
Fred VanVleet,183,88,Wichita State University,1994,Rockford,Illinois
Taurean Waller-Prince,183,88,,1994,,
Okaro White,203,92,Florida State University,1992,Clearwater,Florida
Isaiah Whitehead,193,96,Seton Hall University,1995,Brooklyn,New York
Kyle Wiltjer,208,108,Gonzaga University,1992,Portland,Oregon
Stephen Zimmerman,213,108,"University of Nevada, Las Vegas",1996,Hendersonville,Tennessee
Paul Zipser,203,97,,1994,Heidelberg,Germany
Ivica Zubac,216,120,,1997,Mostar,Bosnia and Herzegovina
